Workbook

Sheet 검토 현황
A1: 대전 식당 후보 검토 현황
A4: 추천 점수는 검토 순서입니다. 네이버 지도와 최근 블로그를 확인한 뒤 후보 검토 시트의 상태를 변경하세요.
A6: 미검토 | D6: 승인 | G6: 보류 | J6: 제외 | M6: 전체 후보
A7: =COUNTIF('후보 검토'!$A$2:$A$461,"pending") -> 438 | D7: =COUNTIF('후보 검토'!$A$2:$A$461,"approved") -> 0 | G7: =COUNTIF('후보 검토'!$A$2:$A$461,"hold") -> 0 | J7: =COUNTIF('후보 검토'!$A$2:$A$461,"rejected") -> 22 | M7: =COUNTA('후보 검토'!$C$2:$C$461) -> 460
A11: 구 | B11: 전체 | C11: 미검토 | D11: 승인 | E11: 보류 | F11: 제외
A12: 대덕구 | B12: =COUNTIF('후보 검토'!$B$2:$B$461,A12) -> 100 | C12: =COUNTIFS('후보 검토'!$B$2:$B$461,A12,'후보 검토'!$A$2:$A$461,"pending") -> 95 | D12: =COUNTIFS('후보 검토'!$B$2:$B$461,A12,'후보 검토'!$A$2:$A$461,"approved") -> 0 | E12: =COUNTIFS('후보 검토'!$B$2:$B$461,A12,'후보 검토'!$A$2:$A$461,"hold") -> 0 | F12: =COUNTIFS('후보 검토'!$B$2:$B$461,A12,'후보 검토'!$A$2:$A$461,"rejected") -> 5
A13: 동구 | B13: =COUNTIF('후보 검토'!$B$2:$B$461,A13) -> 100 | C13: =COUNTIFS('후보 검토'!$B$2:$B$461,A13,'후보 검토'!$A$2:$A$461,"pending") -> 91 | D13: =COUNTIFS('후보 검토'!$B$2:$B$461,A13,'후보 검토'!$A$2:$A$461,"approved") -> 0 | E13: =COUNTIFS('후보 검토'!$B$2:$B$461,A13,'후보 검토'!$A$2:$A$461,"hold") -> 0 | F13: =COUNTIFS('후보 검토'!$B$2:$B$461,A13,'후보 검토'!$A$2:$A$461,"rejected") -> 9
A14: 서구 | B14: =COUNTIF('후보 검토'!$B$2:$B$461,A14) -> 100 | C14: =COUNTIFS('후보 검토'!$B$2:$B$461,A14,'후보 검토'!$A$2:$A$461,"pending") -> 99 | D14: =COUNTIFS('후보 검토'!$B$2:$B$461,A14,'후보 검토'!$A$2:$A$461,"approved") -> 0 | E14: =COUNTIFS('후보 검토'!$B$2:$B$461,A14,'후보 검토'!$A$2:$A$461,"hold") -> 0 | F14: =COUNTIFS('후보 검토'!$B$2:$B$461,A14,'후보 검토'!$A$2:$A$461,"rejected") -> 1
A15: 유성구 | B15: =COUNTIF('후보 검토'!$B$2:$B$461,A15) -> 100 | C15: =COUNTIFS('후보 검토'!$B$2:$B$461,A15,'후보 검토'!$A$2:$A$461,"pending") -> 95 | D15: =COUNTIFS('후보 검토'!$B$2:$B$461,A15,'후보 검토'!$A$2:$A$461,"approved") -> 0 | E15: =COUNTIFS('후보 검토'!$B$2:$B$461,A15,'후보 검토'!$A$2:$A$461,"hold") -> 0 | F15: =COUNTIFS('후보 검토'!$B$2:$B$461,A15,'후보 검토'!$A$2:$A$461,"rejected") -> 5
A16: 중구 | B16: =COUNTIF('후보 검토'!$B$2:$B$461,A16) -> 60 | C16: =COUNTIFS('후보 검토'!$B$2:$B$461,A16,'후보 검토'!$A$2:$A$461,"pending") -> 58 | D16: =COUNTIFS('후보 검토'!$B$2:$B$461,A16,'후보 검토'!$A$2:$A$461,"approved") -> 0 | E16: =COUNTIFS('후보 검토'!$B$2:$B$461,A16,'후보 검토'!$A$2:$A$461,"hold") -> 0 | F16: =COUNTIFS('후보 검토'!$B$2:$B$461,A16,'후보 검토'!$A$2:$A$461,"rejected") -> 2
A17: 합계 | B17: =SUM(B12:B16) -> 460 | C17: =SUM(C12:C16) -> 438 | D17: =SUM(D12:D16) -> 0 | E17: =SUM(E12:E16) -> 0 | F17: =SUM(F12:F16) -> 22

Sheet 후보 검토
A1: 검토 상태 review_status | B1: 구 district | C1: 상호명 name | D1: 업종 category | E1: 추천 점수 recommendation_score | F1: 추천 이유 recommendation_reason | G1: 지번 주소 address | H1: 도로명 주소 road_address | I1: 블로그 확인 blog_search_url | J1: 업체 링크 naver_link | K1: 중복 가능성 possible_duplicate | L1: 제외 사유 reject_reason | M1: 최근 게시일 latest_post_date | N1: 최근 글 수 recent_blog_count | O1: 블로거 수 distinct_blogger_count | P1: 검색 결과 수 blog_result_count | Q1: 지역 노출 수 local_hit_count | R1: 리뷰순 노출 수 comment_sort_hit_count | S1: 발견 검색어 matched_queries | T1: 위도 latitude | U1: 경도 longitude
A2: pending | B2: 대덕구 | C2: 맛집부추해물칼국수 | D2: 한식>칼국수,만두 | E2: 87 | F2: 지역성: 칼국수; 최근 12개월 블로그 100건 | G2: 대전광역시 대덕구 신탄진동 139-24 | H2: 대전광역시 대덕구 신탄진로804번길 31 | I2: =HYPERLINK("https://search.naver.com/search.naver?where=blog&query=%EB%A7%9B%EC%A7%91%EB%B6%80%EC%B6%94%ED%95%B4%EB%AC%BC%EC%B9%BC%EA%B5%AD%EC%88%98+%EB%8C%80%EB%8D%95%EA%B5%AC","블로그 보기") -> 블로그 보기 | M2: 46223 | N2: 100 | O2: 99 | P2: 95913 | Q2: 9 | R2: 4 | S2: 대덕구 칼국수 | 대덕구 해산물 | 신탄진 맛집 | 신탄진 칼국수 | 신탄진 한식 | 신탄진 해산물 | T2: 36.449557 | U2: 127.43159
A3: pending | B3: 대덕구 | C3: 교동면옥 대전중리점 | D3: 한식>냉면 | E3: 84 | F3: 지역성: 대전; 최근 12개월 블로그 100건 | G3: 대전광역시 대덕구 중리동 230-1 1층 교동면옥 대전중리점 | H3: 대전광역시 대덕구 한밭대로 1100 1층 교동면옥 대전중리점 | I3: =HYPERLINK("https://search.naver.com/search.naver?where=blog&query=%EA%B5%90%EB%8F%99%EB%A9%B4%EC%98%A5+%EB%8C%80%EC%A0%84%EC%A4%91%EB%A6%AC%EC%A0%90+%EA%B5%90%EB%8F%99","블로그 보기") -> 블로그 보기 | J3: =HYPERLINK("https://www.instagram.com/kyodong_myeonok/","업체 보기") -> 업체 보기 | M3: 46223 | N3: 100 | O3: 71 | P3: 2705 | Q3: 7 | R3: 3 | S3: 대덕구 국밥 | 대덕구 냉면 | 대덕구 맛집 | 대덕구 한식 | T3: 36.358194 | U3: 127.4208
A4: pending | B4: 대덕구 | C4: 우림칼국수 신탄진점 | D4: 음식점>한식>칼국수,만두 | E4: 84 | F4: 지역성: 칼국수; 최근 12개월 블로그 100건 | G4: 대전광역시 대덕구 신탄진동 155-15 우림칼국수 신탄진점 | H4: 대전광역시 대덕구 신탄진동로 16-2 우림칼국수 신탄진점 | I4: =HYPERLINK("https://search.naver.com/search.naver?where=blog&query=%EC%9A%B0%EB%A6%BC%EC%B9%BC%EA%B5%AD%EC%88%98+%EC%8B%A0%ED%83%84%EC%A7%84%EC%A0%90+%EC%8B%A0%ED%83%84%EC%A7%84%EB%8F%99","블로그 보기") -> 블로그 보기 | M4: 46221 | N4: 100 | O4: 100 | P4: 264 | Q4: 5 | R4: 4 | S4: 대덕구 냉면 | 대덕구 칼국수 | 신탄진 냉면 | 신탄진 칼국수 | T4: 36.44741 | U4: 127.43137
A5: pending | B5: 대덕구 | C5: 오문창순대국밥 | D5: 한식>순대,순댓국 | E5: 81 | F5: 최근 12개월 블로그 100건 | G5: 대전광역시 대덕구 중리동 203-2 | H5: 대전광역시 대덕구 한밭대로 1153 | I5: =HYPERLINK("https://search.naver.com/search.naver?where=blog&query=%EC%98%A4%EB%AC%B8%EC%B0%BD%EC%88%9C%EB%8C%80%EA%B5%AD%EB%B0%A5+%EB%8C%80%EB%8D%95%EA%B5%AC","블로그 보기") -> 블로그 보기 | M5: 46223 | N5: 100 | O5: 97 | P5: 2146 | Q5: 7 | R5: 4 | S5: 대덕구 고기 | 대덕구 국밥 | 대덕구 맛집 | 대덕구 한식 | T5: 36.359233 | U5: 127.42657
A6: pending | B6: 대덕구 | C6: 공주쌍신집칼국수 대청댐점 | D6: 한식>칼국수,만두 | E6: 79 | F6: 지역성: 칼국수; 최근 12개월 블로그 100건 | G6: 대전광역시 대덕구 미호동 90-2 1층 | H6: 대전광역시 대덕구 대청로 572 1층 | I6: =HYPERLINK("https://search.naver.com/search.naver?where=blog&query=%EA%B3%B5%EC%A3%BC%EC%8C%8D%EC%8B%A0%EC%A7%91%EC%B9%BC%EA%B5%AD%EC%88%98+%EB%8C%80%EC%B2%AD%EB%8C%90%EC%A0%90+%EB%8C%80%EB%8D%95%EA%B5%AC","블로그 보기") -> 블로그 보기 | J6: =HYPERLINK("https://app.catchtable.co.kr/ct/shop/gongjussangsin","업체 보기") -> 업체 보기 | M6: 46223 | N6: 100 | O6: 92 | P6: 1031 | Q6: 4 | R6: 3 | S6: 대덕구 맛집 | 대덕구 칼국수 | 대덕구 한식 | T6: 36.470008 | U6: 127.47227
A7: pending | B7: 대덕구 | C7: 형제횟집 | D7: 한식>생선회 | E7: 72 | F7: 최근 12개월 블로그 76건 | G7: 대전광역시 대덕구 중리동 372-3 형제횟집 | H7: 대전광역시 대덕구 중리로76번길 22 형제횟집 | I7: =HYPERLINK("https://search.naver.com/search.naver?where=blog&query=%ED%98%95%EC%A0%9C%ED%9A%9F%EC%A7%91+%EB%8C%80%EB%8D%95%EA%B5%AC","블로그 보기") -> 블로그 보기 | M7: 46211 | N7: 76 | O7: 93 | P7: 317 | Q7: 4 | R7: 3 | S7: 대덕구 맛집 | 대덕구 한식 | 대덕구 해산물 | T7: 36.365738 | U7: 127.42639
A8: pending | B8: 대덕구 | C8: 나래원 | D8: 음식점>한식 | E8: 69 | F8: 최근 12개월 블로그 36건 | G8: 대전광역시 대덕구 비래동 139-10 | H8: 대전광역시 대덕구 비래동로16번길 13 | I8: =HYPERLINK("https://search.naver.com/search.naver?where=blog&query=%EB%82%98%EB%9E%98%EC%9B%90+%EB%B9%84%EB%9E%98%EB%8F%99","블로그 보기") -> 블로그 보기 | M8: 46220 | N8: 36 | O8: 81 | P8: 363 | Q8: 4 | R8: 2 | S8: 대덕구 삼계탕 | 비래동 한식 | T8: 36.355186 | U8: 127.45064
A9: pending | B9: 대덕구 | C9: 백마강참숯민물장어 | D9: 한식>장어,먹장어요리 | E9: 68 | F9: 최근 12개월 블로그 31건 | G9: 대전광역시 대덕구 비래동 561-1 | H9: 대전광역시 대덕구 동서대로 1752 | I9: =HYPERLINK("https://search.naver.com/search.naver?where=blog&query=%EB%B0%B1%EB%A7%88%EA%B0%95%EC%B0%B8%EC%88%AF%EB%AF%BC%EB%AC%BC%EC%9E%A5%EC%96%B4+%EB%8C%80%EB%8D%95%EA%B5%AC","블로그 보기") -> 블로그 보기 | M9: 46215 | N9: 31 | O9: 92 | P9: 142 | Q9: 4 | R9: 2 | S9: 비래동 맛집 | 비래동 한식 | T9: 36.352251 | U9: 127.44314
A10: pending | B10: 대덕구 | C10: 옥천순대매운족발 | D10: 한식>순대,순댓국 | E10: 67 | F10: 최근 12개월 블로그 100건 | G10: 대전광역시 대덕구 송촌동 565-31 | H10: 대전광역시 대덕구 송촌로 9 | I10: =HYPERLINK("https://search.naver.com/search.naver?where=blog&query=%EC%98%A5%EC%B2%9C%EC%88%9C%EB%8C%80%EB%A7%A4%EC%9A%B4%EC%A1%B1%EB%B0%9C+%EB%8C%80%EB%8D%95%EA%B5%AC","블로그 보기") -> 블로그 보기 | M10: 46220 | N10: 100 | O10: 94 | P10: 1483 | Q10: 3 | R10: 2 | S10: 대덕구 고기 | 대덕구 국밥 | T10: 36.356477 | U10: 127.44383
A11: pending | B11: 대덕구 | C11: 양평칼국수콩국수 본점 | D11: 음식점>한식>칼국수,만두 | E11: 66 | F11: 지역성: 본점, 칼국수; 최근 12개월 블로그 100건 | G11: 대전광역시 대덕구 중리동 166-10 | H11: 대전광역시 대덕구 중리남로28번길 1 | I11: =HYPERLINK("https://search.naver.com/search.naver?where=blog&query=%EC%96%91%ED%8F%89%EC%B9%BC%EA%B5%AD%EC%88%98%EC%BD%A9%EA%B5%AD%EC%88%98+%EB%B3%B8%EC%A0%90+%EB%8C%80%EB%8D%95%EA%B5%AC","블로그 보기") -> 블로그 보기 | J11: =HYPERLINK("https://www.instagram.com/yangpyeong_kalguksu","업체 보기") -> 업체 보기 | M11: 46223 | N11: 100 | O11: 96 | P11: 1224 | Q11: 1 | R11: 1 | S11: 대덕구 칼국수 | T11: 36.36113 | U11: 127.42855
A12: pending | B12: 대덕구 | C12: 양평칼국수 | D12: 한식>칼국수,만두 | E12: 65 | F12: 지역성: 칼국수; 최근 12개월 블로그 100건 | G12: 대전광역시 대덕구 덕암동 3-24 | H12: 대전광역시 대덕구 덕암로265번길 105 | I12: =HYPERLINK("https://search.naver.com/search.naver?where=blog&query=%EC%96%91%ED%8F%89%EC%B9%BC%EA%B5%AD%EC%88%98+%EB%8C%80%EB%8D%95%EA%B5%AC","블로그 보기") -> 블로그 보기 | M12: 46220 | N12: 100 | O12: 100 | P12: 540 | Q12: 3 | R12: 0 | S12: 대덕구 칼국수 | 신탄진 칼국수 | 신탄진 한식 | T12: 36.447082 | U12: 127.42132
A13: pending | B13: 대덕구 | C13: 만나숯불구이 중리동본점 | D13: 한식>육류,고기요리 | E13: 64 | F13: 지역성: 본점; 최근 12개월 블로그 100건 | G13: 대전광역시 대덕구 중리동 363-33 1층 | H13: 대전광역시 대덕구 중리로75번길 20 1층 | I13: =HYPERLINK("https://search.naver.com/search.naver?where=blog&query=%EB%A7%8C%EB%82%98%EC%88%AF%EB%B6%88%EA%B5%AC%EC%9D%B4+%EC%A4%91%EB%A6%AC%EB%8F%99%EB%B3%B8%EC%A0%90+%EB%8C%80%EB%8D%95%EA%B5%AC","블로그 보기") -> 블로그 보기 | J13: =HYPERLINK("https://blog.naver.com/kong7249","업체 보기") -> 업체 보기 | M13: 46220 | N13: 100 | O13: 90 | P13: 518 | Q13: 2 | R13: 1 | S13: 대덕구 노포 | T13: 36.365839 | U13: 127.42394
A14: pending | B14: 대덕구 | C14: 성채숯불구이 신탄진 | D14: 한식>육류,고기요리 | E14: 63 | F14: 최근 12개월 블로그 74건 | G14: 대전광역시 대덕구 신탄진동 121-1 1층 | H14: 대전광역시 대덕구 대청로 8 1층 | I14: =HYPERLINK("https://search.naver.com/search.naver?where=blog&query=%EC%84%B1%EC%B1%84%EC%88%AF%EB%B6%88%EA%B5%AC%EC%9D%B4+%EC%8B%A0%ED%83%84%EC%A7%84+%EB%8C%80%EB%8D%95%EA%B5%AC","블로그 보기") -> 블로그 보기 | J14: =HYPERLINK("https://www.instagram.com/scbbq.sintan_official/","업체 보기") -> 업체 보기 | M14: 46219 | N14: 74 | O14: 87 | P14: 358 | Q14: 4 | R14: 0 | S14: 대덕구 고기 | 신탄진 고기 | 신탄진 맛집 | 신탄진 한식 | T14: 36.451136 | U14: 127.42949
A15: pending | B15: 대덕구 | C15: 연탄구이 | D15: 한식>육류,고기요리 | E15: 63 | F15: 최근 12개월 블로그 100건 | G15: 대전광역시 대덕구 오정동 445-14 | H15: 대전광역시 대덕구 한남로88번길 6 | I15: =HYPERLINK("https://search.naver.com/search.naver?where=blog&query=%EC%97%B0%ED%83%84%EA%B5%AC%EC%9D%B4+%EB%8C%80%EB%8D%95%EA%B5%AC","블로그 보기") -> 블로그 보기 | M15: 46220 | N15: 100 | O15: 97 | P15: 724 | Q15: 3 | R15: 1 | S15: 대덕구 고기 | 대덕구 노포 | T15: 36.351141 | U15: 127.41886
A16: pending | B16: 대덕구 | C16: 원조설악추어탕삼계탕 | D16: 음식점>한식 | E16: 63 | F16: 최근 12개월 블로그 100건 | G16: 대전광역시 대덕구 덕암동 8-15 원조설악추어탕삼계탕 | H16: 대전광역시 대덕구 덕암북로48번길 9 원조설악추어탕삼계탕 | I16: =HYPERLINK("https://search.naver.com/search.naver?where=blog&query=%EC%9B%90%EC%A1%B0%EC%84%A4%EC%95%85%EC%B6%94%EC%96%B4%ED%83%95%EC%82%BC%EA%B3%84%ED%83%95+%EB%8C%80%EB%8D%95%EA%B5%AC","블로그 보기") -> 블로그 보기 | M16: 46218 | N16: 100 | O16: 98 | P16: 1144 | Q16: 2 | R16: 2 | S16: 대덕구 삼계탕 | 신탄진 삼계탕 | T16: 36.445228 | U16: 127.42232
A17: rejected | B17: 대덕구 | C17: 식당가 신탄진휴게소 서울방향 | D17: 음식점>한식 | E17: 62 | F17: 최근 12개월 블로그 100건 | G17: 대전광역시 대덕구 상서동 236-1 | H17: 대전광역시 대덕구 산업단지로 27 | I17: =HYPERLINK("https://search.naver.com/search.naver?where=blog&query=%EC%8B%9D%EB%8B%B9%EA%B0%80+%EC%8B%A0%ED%83%84%EC%A7%84%ED%9C%B4%EA%B2%8C%EC%86%8C+%EC%84%9C%EC%9A%B8%EB%B0%A9%ED%96%A5+%EB%8C%80%EB%8D%95%EA%B5%AC","블로그 보기") -> 블로그 보기 | M17: 46198 | N17: 100 | O17: 91 | P17: 574 | Q17: 2 | R17: 2 | S17: 대덕구 국밥 | 신탄진 국밥 | T17: 36.426791 | U17: 127.41855
A18: pending | B18: 대덕구 | C18: 장수촌 중리점 | D18: 한식>백숙,삼계탕 | E18: 62 | F18: 최근 12개월 블로그 58건 | G18: 대전광역시 대덕구 중리동 499-4 | H18: 대전광역시 대덕구 송촌북로5번길 10-11 | I18: =HYPERLINK("https://search.naver.com/search.naver?where=blog&query=%EC%9E%A5%EC%88%98%EC%B4%8C+%EC%A4%91%EB%A6%AC%EC%A0%90+%EB%8C%80%EB%8D%95%EA%B5%AC","블로그 보기") -> 블로그 보기 | M18: 46217 | N18: 58 | O18: 98 | P18: 236 | Q18: 3 | R18: 1 | S18: 대덕구 삼계탕 | 대덕구 한식 | T18: 36.363261 | U18: 127.43629
A19: pending | B19: 대덕구 | C19: 신탄짬뽕 대전신탄진본점 | D19: 중식>중식당 | E19: 61 | F19: 지역성: 본점, 대전; 최근 12개월 블로그 100건 | G19: 대전광역시 대덕구 신탄진동 121-25 1층 | H19: 대전광역시 대덕구 신탄진동로7번길 74 1층 | I19: =HYPERLINK("https://search.naver.com/search.naver?where=blog&query=%EC%8B%A0%ED%83%84%EC%A7%AC%EB%BD%95+%EB%8C%80%EC%A0%84%EC%8B%A0%ED%83%84%EC%A7%84%EB%B3%B8%EC%A0%90+%EC%8B%A0%ED%83%84%EC%A7%84%EB%8F%99","블로그 보기") -> 블로그 보기 | M19: 46220 | N19: 100 | O19: 55 | P19: 391 | Q19: 1 | R19: 0 | S19: 신탄진 중식 | T19: 36.450884 | U19: 127.42958
A20: pending | B20: 대덕구 | C20: 왕실전골칼국수 선비마을점 | D20: 한식>칼국수,만두 | E20: 61 | F20: 지역성: 칼국수; 최근 12개월 블로그 23건 | G20: 대전광역시 대덕구 송촌동 482-1 | H20: 대전광역시 대덕구 계족산로36번길 67 | I20: =HYPERLINK("https://search.naver.com/search.naver?where=blog&query=%EC%99%95%EC%8B%A4%EC%A0%84%EA%B3%A8%EC%B9%BC%EA%B5%AD%EC%88%98+%EC%84%A0%EB%B9%84%EB%A7%88%EC%9D%84%EC%A0%90+%EB%8C%80%EB%8D%95%EA%B5%AC","블로그 보기") -> 블로그 보기 | M20: 46220 | N20: 23 | O20: 47 | P20: 67 | Q20: 2 | R20: 1 | S20: 대덕구 두부두루치기 | T20: 36.362298 | U20: 127.43885
A21: pending | B21: 대덕구 | C21: 샤브마니아 대전송촌점 | D21: 음식점>일식>샤브샤브 | E21: 60 | F21: 지역성: 대전; 최근 12개월 블로그 100건 | G21: 대전광역시 대덕구 송촌동 447-4 1층 샤브마니아 송촌점 | H21: 대전광역시 대덕구 계족산로81번길 92 1층 샤브마니아 송촌점 | I21: =HYPERLINK("https://search.naver.com/search.naver?where=blog&query=%EC%83%A4%EB%B8%8C%EB%A7%88%EB%8B%88%EC%95%84+%EB%8C%80%EC%A0%84%EC%86%A1%EC%B4%8C%EC%A0%90+%EB%8C%80%EB%8D%95%EA%B5%AC","블로그 보기") -> 블로그 보기 | J21: =HYPERLINK("https://www.instagram.com/1sb.mania","업체 보기") -> 업체 보기 | M21: 46223 | N21: 100 | O21: 94 | P21: 492 | Q21: 1 | R21: 1 | S21: 대덕구 일식 | T21: 36.366555 | U21: 127.43735
A22: pending | B22: 대덕구 | C22: 스텔라떡볶이 대전신탄진점 | D22: 음식점>분식 | E22: 60 | F22: 지역성: 대전; 최근 12개월 블로그 100건 | G22: 대전광역시 대덕구 신탄진동 145-6 1층 | H22: 대전광역시 대덕구 신탄진로 815 1층 | I22: =HYPERLINK("https://search.naver.com/search.naver?where=blog&query=%EC%8A%A4%ED%85%94%EB%9D%BC%EB%96%A1%EB%B3%B6%EC%9D%B4+%EB%8C%80%EC%A0%84%EC%8B%A0%ED%83%84%EC%A7%84%EC%A0%90+%EB%8C%80%EB%8D%95%EA%B5%AC","블로그 보기") -> 블로그 보기 | J22: =HYPERLINK("https://www.stellapick.com/","업체 보기") -> 업체 보기 | M22: 46223 | N22: 100 | O22: 89 | P22: 346 | Q22: 2 | R22: 0 | S22: 대덕구 분식 | 신탄진 분식 | T22: 36.450366 | U22: 127.42876
A23: pending | B23: 대덕구 | C23: 대청골순대국밥전문점 | D23: 한식>순대,순댓국 | E23: 59 | F23: 최근 12개월 블로그 100건 | G23: 대전광역시 대덕구 신탄진동 121-6 | H23: 대전광역시 대덕구 대청로 10 | I23: =HYPERLINK("https://search.naver.com/search.naver?where=blog&query=%EB%8C%80%EC%B2%AD%EA%B3%A8%EC%88%9C%EB%8C%80%EA%B5%AD%EB%B0%A5%EC%A0%84%EB%AC%B8%EC%A0%90+%EB%8C%80%EB%8D%95%EA%B5%AC","블로그 보기") -> 블로그 보기 | J23: =HYPERLINK("https://daecheonggol.creatorlink.net/","업체 보기") -> 업체 보기 | M23: 46220 | N23: 100 | O23: 91 | P23: 845 | Q23: 2 | R23: 1 | S23: 신탄진 국밥 | T23: 36.451202 | U23: 127.42973
A24: rejected | B24: 대덕구 | C24: 손의손 송촌점 | D24: 해물,생선요리>주꾸미요리 | E24: 59 | F24: 최근 12개월 블로그 57건 | G24: 대전광역시 대덕구 송촌동 459-4 2층 201호 | H24: 대전광역시 대덕구 계족산로81번길 64 2층 201호 | I24: =HYPERLINK("https://search.naver.com/search.naver?where=blog&query=%EC%86%90%EC%9D%98%EC%86%90+%EC%86%A1%EC%B4%8C%EC%A0%90+%EB%8C%80%EB%8D%95%EA%B5%AC","블로그 보기") -> 블로그 보기 | J24: =HYPERLINK("https://손의손.com","업체 보기") -> 업체 보기 | M24: 46219 | N24: 57 | O24: 59 | P24: 60 | Q24: 2 | R24: 2 | S24: 대덕구 냉면 | 대덕구 해산물 | T24: 36.36569 | U24: 127.43863
A25: pending | B25: 대덕구 | C25: 얌샘김밥 신탄진점 | D25: 음식점>분식 | E25: 59 | F25: 최근 12개월 블로그 9건 | G25: 대전광역시 대덕구 신탄진동 143-16 1층 | H25: 대전광역시 대덕구 신탄진로 802 1층 | I25: =HYPERLINK("https://search.naver.com/search.naver?where=blog&query=%EC%96%8C%EC%83%98%EA%B9%80%EB%B0%A5+%EC%8B%A0%ED%83%84%EC%A7%84%EC%A0%90+%EB%8C%80%EB%8D%95%EA%B5%AC","블로그 보기") -> 블로그 보기 | J25: =HYPERLINK("https://www.instagram.com/yumsem_official","업체 보기") -> 업체 보기 | M25: 46073 | N25: 9 | O25: 17 | P25: 21 | Q25: 3 | R25: 1 | S25: 대덕구 분식 | 신탄진 분식 | T25: 36.449127 | U25: 127.42943
A26: pending | B26: 대덕구 | C26: 명가네보쌈칼국수 | D26: 한식>칼국수,만두 | E26: 58 | F26: 지역성: 칼국수; 최근 12개월 블로그 22건 | G26: 대전광역시 대덕구 비래동 138-1 | H26: 대전광역시 대덕구 비래동로 30 | I26: =HYPERLINK("https://search.naver.com/search.naver?where=blog&query=%EB%AA%85%EA%B0%80%EB%84%A4%EB%B3%B4%EC%8C%88%EC%B9%BC%EA%B5%AD%EC%88%98+%EB%B9%84%EB%9E%98%EB%8F%99","블로그 보기") -> 블로그 보기 | M26: 46109 | N26: 22 | O26: 73 | P26: 131 | Q26: 1 | R26: 1 | S26: 비래동 한식 | T26: 36.356454 | U26: 127.45067
A27: pending | B27: 대덕구 | C27: 영화반점 | D27: 중식>중식당 | E27: 58 | F27: 최근 12개월 블로그 10건 | G27: 대전광역시 대덕구 신탄진동 139-17 | H27: 대전광역시 대덕구 신탄진동로23번길 46 | I27: =HYPERLINK("https://search.naver.com/search.naver?where=blog&query=%EC%98%81%ED%99%94%EB%B0%98%EC%A0%90+%EC%8B%A0%ED%83%84%EC%A7%84%EB%8F%99","블로그 보기") -> 블로그 보기 | M27: 46145 | N27: 10 | O27: 87 | P27: 102 | Q27: 3 | R27: 0 | S27: 대덕구 중식 | 신탄진 중식 | 신탄진 해산물 | T27: 36.449829 | U27: 127.43154
A28: pending | B28: 대덕구 | C28: 유가옥 설렁탕 본점 | D28: 한식>곰탕,설렁탕 | E28: 58 | F28: 지역성: 본점; 최근 12개월 블로그 54건 | G28: 대전광역시 대덕구 중리동 202-1 | H28: 대전광역시 대덕구 한밭대로 1161 | I28: =HYPERLINK("https://search.naver.com/search.naver?where=blog&query=%EC%9C%A0%EA%B0%80%EC%98%A5+%EC%84%A4%EB%A0%81%ED%83%95+%EB%B3%B8%EC%A0%90+%EB%8C%80%EB%8D%95%EA%B5%AC","블로그 보기") -> 블로그 보기 | M28: 46220 | N28: 54 | O28: 75 | P28: 110 | Q28: 1 | R28: 1 | S28: 대덕구 냉면 | T28: 36.359309 | U28: 127.42749
A29: pending | B29: 대덕구 | C29: 제주은희네해장국 대전신탄진점 | D29: 한식>해장국 | E29: 58 | F29: 지역성: 대전; 최근 12개월 블로그 61건 | G29: 대전광역시 대덕구 상서동 396-3 나동 1층 | H29: 대전광역시 대덕구 신탄진로 490 나동 1층 | I29: =HYPERLINK("https://search.naver.com/search.naver?where=blog&query=%EC%A0%9C%EC%A3%BC%EC%9D%80%ED%9D%AC%EB%84%A4%ED%95%B4%EC%9E%A5%EA%B5%AD+%EB%8C%80%EC%A0%84%EC%8B%A0%ED%83%84%EC%A7%84%EC%A0%90+%EB%82%98%EB%8F%99","블로그 보기") -> 블로그 보기 | M29: 46220 | N29: 61 | O29: 96 | P29: 193 | Q29: 1 | R29: 1 | S29: 신탄진 국밥 | T29: 36.423151 | U29: 127.41985
A30: pending | B30: 대덕구 | C30: 짬뽕지존 신탄진점 | D30: 음식점>중식당 | E30: 58 | F30: 최근 12개월 블로그 9건 | G30: 대전광역시 대덕구 상서동 282 1,2층 | H30: 대전광역시 대덕구 신탄진로 578 1,2층 | I30: =HYPERLINK("https://search.naver.com/search.naver?where=blog&query=%EC%A7%AC%EB%BD%95%EC%A7%80%EC%A1%B4+%EC%8B%A0%ED%83%84%EC%A7%84%EC%A0%90+%EB%8C%80%EB%8D%95%EA%B5%AC","블로그 보기") -> 블로그 보기 | M30: 46135 | N30: 9 | O30: 35 | P30: 43 | Q30: 2 | R30: 2 | S30: 대덕구 중식 | 신탄진 중식 | T30: 36.430202 | U30: 127.42222
A31: pending | B31: 대덕구 | C31: 한밭신화수산 | D31: 한식>생선회 | E31: 58 | F31: 최근 12개월 블로그 100건 | G31: 대전광역시 대덕구 오정동 736 | H31: 대전광역시 대덕구 대전천북로 350 | I31: =HYPERLINK("https://search.naver.com/search.naver?where=blog&query=%ED%95%9C%EB%B0%AD%EC%8B%A0%ED%99%94%EC%88%98%EC%82%B0+%EB%8C%80%EB%8D%95%EA%B5%AC","블로그 보기") -> 블로그 보기 | M31: 46220 | N31: 100 | O31: 91 | P31: 402 | Q31: 2 | R31: 1 | S31: 대덕구 해산물 | T31: 36.356188 | U31: 127.40547
A32: rejected | B32: 대덕구 | C32: 김밥천국 | D32: 음식점>분식 | E32: 57 | F32: 최근 12개월 블로그 16건 | G32: 대전광역시 대덕구 석봉동 309-11 김밥천국 | H32: 대전광역시 대덕구 대덕대로 1554 김밥천국 | I32: =HYPERLINK("https://search.naver.com/search.naver?where=blog&query=%EA%B9%80%EB%B0%A5%EC%B2%9C%EA%B5%AD+%EB%8C%80%EB%8D%95%EA%B5%AC","블로그 보기") -> 블로그 보기 | M32: 46217 | N32: 16 | O32: 92 | P32: 195 | Q32: 2 | R32: 1 | S32: 신탄진 분식 | T32: 36.449074 | U32: 127.42053
A33: pending | B33: 대덕구 | C33: 동죽칼국수 | D33: 한식>칼국수,만두 | E33: 57 | F33: 지역성: 칼국수; 최근 12개월 블로그 96건 | G33: 대전광역시 대덕구 목상동 148-6 동죽칼국수 | H33: 대전광역시 대덕구 대덕대로1458번길 23 동죽칼국수 | I33: =HYPERLINK("https://search.naver.com/search.naver?where=blog&query=%EB%8F%99%EC%A3%BD%EC%B9%BC%EA%B5%AD%EC%88%98+%EB%8C%80%EB%8D%95%EA%B5%AC","블로그 보기") -> 블로그 보기 | M33: 46222 | N33: 96 | O33: 94 | P33: 464 | Q33: 1 | R33: 0 | S33: 신탄진 칼국수 | T33: 36.448214 | U33: 127.41143
A34: pending | B34: 대덕구 | C34: 청년다방 대전송촌점 | D34: 음식점>분식 | E34: 57 | F34: 지역성: 대전; 최근 12개월 블로그 100건 | G34: 대전광역시 대덕구 송촌동 449-6 | H34: 대전광역시 대덕구 송촌북로36번길 11 | I34: =HYPERLINK("https://search.naver.com/search.naver?where=blog&query=%EC%B2%AD%EB%85%84%EB%8B%A4%EB%B0%A9+%EB%8C%80%EC%A0%84%EC%86%A1%EC%B4%8C%EC%A0%90+%EB%8C%80%EB%8D%95%EA%B5%AC","블로그 보기") -> 블로그 보기 | J34: =HYPERLINK("http://www.youngdabang.com/","업체 보기") -> 업체 보기 | M34: 46220 | N34: 100 | O34: 95 | P34: 487 | Q34: 1 | R34: 0 | S34: 대덕구 분식 | T34: 36.365813 | U34: 127.43669
A35: pending | B35: 대덕구 | C35: 홍굴이 부추손칼국수 | D35: 한식>칼국수,만두 | E35: 57 | F35: 지역성: 칼국수; 최근 12개월 블로그 100건 | G35: 대전광역시 대덕구 송촌동 503-7 | H35: 대전광역시 대덕구 선비마을로5번길 3 | I35: =HYPERLINK("https://search.naver.com/search.naver?where=blog&query=%ED%99%8D%EA%B5%B4%EC%9D%B4+%EB%B6%80%EC%B6%94%EC%86%90%EC%B9%BC%EA%B5%AD%EC%88%98+%EB%8C%80%EB%8D%95%EA%B5%AC","블로그 보기") -> 블로그 보기 | M35: 46223 | N35: 100 | O35: 93 | P35: 560 | Q35: 1 | R35: 0 | S35: 대덕구 칼국수 | T35: 36.361877 | U35: 127.44567
A36: pending | B36: 대덕구 | C36: 황금칼국수 | D36: 한식>칼국수,만두 | E36: 57 | F36: 지역성: 칼국수; 최근 12개월 블로그 100건 | G36: 대전광역시 대덕구 읍내동 327-3 황금칼국수 | H36: 대전광역시 대덕구 대전로 1357 황금칼국수 | I36: =HYPERLINK("https://search.naver.com/search.naver?where=blog&query=%ED%99%A9%EA%B8%88%EC%B9%BC%EA%B5%AD%EC%88%98+%EB%8C%80%EB%8D%95%EA%B5%AC","블로그 보기") -> 블로그 보기 | J36: =HYPERLINK("https://www.instagram.com/hwang_geum_kalgugsu","업체 보기") -> 업체 보기 | M36: 46222 | N36: 100 | O36: 86 | P36: 601 | Q36: 1 | R36: 0 | S36: 대덕구 두부두루치기 | T36: 36.374945 | U36: 127.42003
A37: pending | B37: 대덕구 | C37: 일품돼지국밥 대전IC점 | D37: 한식>국밥 | E37: 56 | F37: 지역성: 대전; 최근 12개월 블로그 100건 | G37: 대전광역시 대덕구 비래동 557-1 1층 일품돼지국밥 대전IC점 | H37: 대전광역시 대덕구 동서대로 1770 1층 일품돼지국밥 대전IC점 | I37: =HYPERLINK("https://search.naver.com/search.naver?where=blog&query=%EC%9D%BC%ED%92%88%EB%8F%BC%EC%A7%80%EA%B5%AD%EB%B0%A5+%EB%8C%80%EC%A0%84IC%EC%A0%90+%EB%8C%80%EB%8D%95%EA%B5%AC","블로그 보기") -> 블로그 보기 | M37: 46220 | N37: 100 | O37: 80 | P37: 284 | Q37: 1 | R37: 0 | S37: 대덕구 국밥 | T37: 36.353488 | U37: 127.444
A38: pending | B38: 대덕구 | C38: 포대포소곱창구이 | D38: 한식>곱창,막창,양 | E38: 56 | F38: 최근 12개월 블로그 100건 | G38: 대전광역시 대덕구 송촌동 548-20 | H38: 대전광역시 대덕구 선비마을로 22 | I38: =HYPERLINK("https://search.naver.com/search.naver?where=blog&query=%ED%8F%AC%EB%8C%80%ED%8F%AC%EC%86%8C%EA%B3%B1%EC%B0%BD%EA%B5%AC%EC%9D%B4+%EB%8C%80%EB%8D%95%EA%B5%AC","블로그 보기") -> 블로그 보기 | M38: 46222 | N38: 100 | O38: 92 | P38: 1303 | Q38: 1 | R38: 1 | S38: 대덕구 고기 | T38: 36.362818 | U38: 127.44712
A39: pending | B39: 대덕구 | C39: 미카도스시 대전신탄진점 | D39: 음식점>일식>초밥,롤 | E39: 55 | F39: 지역성: 대전; 최근 12개월 블로그 65건 | G39: 대전광역시 대덕구 신탄진동 121-33 103호 | H39: 대전광역시 대덕구 대청로 12 103호 | I39: =HYPERLINK("https://search.naver.com/search.naver?where=blog&query=%EB%AF%B8%EC%B9%B4%EB%8F%84%EC%8A%A4%EC%8B%9C+%EB%8C%80%EC%A0%84%EC%8B%A0%ED%83%84%EC%A7%84%EC%A0%90+%EB%8C%80%EB%8D%95%EA%B5%AC","블로그 보기") -> 블로그 보기 | J39: =HYPERLINK("http://mikadosushi.co.kr/","업체 보기") -> 업체 보기 | M39: 46220 | N39: 65 | O39: 43 | P39: 116 | Q39: 1 | R39: 0 | S39: 신탄진 일식 | T39: 36.451306 | U39: 127.43015
A40: pending | B40: 대덕구 | C40: 상하이양꼬치 | D40: 중식>양꼬치 | E40: 55 | F40: 최근 12개월 블로그 100건 | G40: 대전광역시 대덕구 송촌동 456-12 | H40: 대전광역시 대덕구 송촌북로16번길 43 | I40: =HYPERLINK("https://search.naver.com/search.naver?where=blog&query=%EC%83%81%ED%95%98%EC%9D%B4%EC%96%91%EA%BC%AC%EC%B9%98+%EB%8C%80%EB%8D%95%EA%B5%AC","블로그 보기") -> 블로그 보기 | M40: 46171 | N40: 100 | O40: 92 | P40: 568 | Q40: 1 | R40: 1 | S40: 대덕구 중식 | T40: 36.364657 | U40: 127.43879
A41: pending | B41: 대덕구 | C41: 선양갈비 | D41: 한식>돼지고기구이 | E41: 55 | F41: 최근 12개월 블로그 100건 | G41: 대전광역시 대덕구 송촌동 473-3 1층 | H41: 대전광역시 대덕구 송촌북로4번길 41-19 1층 | I41: =HYPERLINK("https://search.naver.com/search.naver?where=blog&query=%EC%84%A0%EC%96%91%EA%B0%88%EB%B9%84+%EB%8C%80%EB%8D%95%EA%B5%AC","블로그 보기") -> 블로그 보기 | J41: =HYPERLINK("https://www.instagram.com/sunyangpork","업체 보기") -> 업체 보기 | M41: 46220 | N41: 100 | O41: 97 | P41: 244 | Q41: 2 | R41: 0 | S41: 대덕구 맛집 | 대덕구 한식 | T41: 36.36384 | U41: 127.43897
A42: pending | B42: 대덕구 | C42: 특벼리각벼리 양평해장국 | D42: 한식>해장국 | E42: 55 | F42: 최근 12개월 블로그 27건 | G42: 대전광역시 대덕구 신탄진동 156-1 1층 | H42: 대전광역시 대덕구 신탄진동로 24 1층 | I42: =HYPERLINK("https://search.naver.com/search.naver?where=blog&query=%ED%8A%B9%EB%B2%BC%EB%A6%AC%EA%B0%81%EB%B2%BC%EB%A6%AC+%EC%96%91%ED%8F%89%ED%95%B4%EC%9E%A5%EA%B5%AD+%EC%8B%A0%ED%83%84%EC%A7%84%EB%8F%99","블로그 보기") -> 블로그 보기 | M42: 46108 | N42: 27 | O42: 32 | P42: 37 | Q42: 2 | R42: 1 | S42: 신탄진 삼계탕 | T42: 36.447682 | U42: 127.43218
A43: pending | B43: 대덕구 | C43: 더구 | D43: 한식>백숙,삼계탕 | E43: 54 | F43: 최근 12개월 블로그 100건 | G43: 대전광역시 대덕구 목상동 867-3 | H43: 대전광역시 대덕구 대덕대로1448번길 123 | I43: =HYPERLINK("https://search.naver.com/search.naver?where=blog&query=%EB%8D%94%EA%B5%AC+%EB%8C%80%EB%8D%95%EA%B5%AC","블로그 보기") -> 블로그 보기 | M43: 46223 | N43: 100 | O43: 81 | P43: 74869 | Q43: 1 | R43: 0 | S43: 신탄진 삼계탕 | T43: 36.442721 | U43: 127.41177
A44: pending | B44: 대덕구 | C44: 망골고개식당 | D44: 한식>칼국수,만두 | E44: 54 | F44: 지역성: 칼국수; 최근 12개월 블로그 8건 | G44: 대전광역시 대덕구 석봉동 309-23 | H44: 대전광역시 대덕구 석봉로3번길 41 | I44: =HYPERLINK("https://search.naver.com/search.naver?where=blog&query=%EB%A7%9D%EA%B3%A8%EA%B3%A0%EA%B0%9C%EC%8B%9D%EB%8B%B9+%EB%8C%80%EB%8D%95%EA%B5%AC","블로그 보기") -> 블로그 보기 | M44: 46193 | N44: 8 | O44: 64 | P44: 85 | Q44: 1 | R44: 0 | S44: 신탄진 칼국수 | T44: 36.448819 | U44: 127.42128
A45: pending | B45: 대덕구 | C45: 석봉튀김 떡볶이 신탄진점 | D45: 분식>종합분식 | E45: 54 | F45: 최근 12개월 블로그 71건 | G45: 대전광역시 대덕구 석봉동 188-19 101호 | H45: 대전광역시 대덕구 석봉로37번길 18 101호 | I45: =HYPERLINK("https://search.naver.com/search.naver?where=blog&query=%EC%84%9D%EB%B4%89%ED%8A%80%EA%B9%80+%EB%96%A1%EB%B3%B6%EC%9D%B4+%EC%8B%A0%ED%83%84%EC%A7%84%EC%A0%90+%EB%8C%80%EB%8D%95%EA%B5%AC","블로그 보기") -> 블로그 보기 | J45: =HYPERLINK("https://blog.naver.com/kichanbok","업체 보기") -> 업체 보기 | M45: 46223 | N45: 71 | O45: 80 | P45: 211 | Q45: 2 | R45: 0 | S45: 대덕구 분식 | 신탄진 분식 | T45: 36.448175 | U45: 127.42604
A46: pending | B46: 대덕구 | C46: 신탄면옥 | D46: 한식>냉면 | E46: 54 | F46: 최근 12개월 블로그 89건 | G46: 대전광역시 대덕구 덕암동 48-10 | H46: 대전광역시 대덕구 덕암북로104번길 74 | I46: =HYPERLINK("https://search.naver.com/search.naver?where=blog&query=%EC%8B%A0%ED%83%84%EB%A9%B4%EC%98%A5+%EB%8C%80%EB%8D%95%EA%B5%AC","블로그 보기") -> 블로그 보기 | J46: =HYPERLINK("https://sintanmyounog.creatorlink.net/","업체 보기") -> 업체 보기 | M46: 46220 | N46: 89 | O46: 69 | P46: 193 | Q46: 2 | R46: 0 | S46: 대덕구 냉면 | 신탄진 냉면 | T46: 36.439652 | U46: 127.42669
A47: pending | B47: 대덕구 | C47: 완미족발 송촌점 | D47: 음식점>한식>육류,고기요리>족발,보쌈 | E47: 54 | F47: 최근 12개월 블로그 17건 | G47: 대전광역시 대덕구 송촌동 456-6 1층 | H47: 대전광역시 대덕구 송촌북로20번길 38 1층 | I47: =HYPERLINK("https://search.naver.com/search.naver?where=blog&query=%EC%99%84%EB%AF%B8%EC%A1%B1%EB%B0%9C+%EC%86%A1%EC%B4%8C%EC%A0%90+%EB%8C%80%EB%8D%95%EA%B5%AC","블로그 보기") -> 블로그 보기 | J47: =HYPERLINK("https://www.완미족발.kr/","업체 보기") -> 업체 보기 | M47: 46207 | N47: 17 | O47: 96 | P47: 221 | Q47: 1 | R47: 1 | S47: 대덕구 고기 | T47: 36.364717 | U47: 127.43854
A48: pending | B48: 대덕구 | C48: 왕손곱창 | D48: 한식>곱창,막창,양 | E48: 54 | F48: 최근 12개월 블로그 70건 | G48: 대전광역시 대덕구 대화동 40-85 왕손곱창 | H48: 대전광역시 대덕구 대화로 69 왕손곱창 | I48: =HYPERLINK("https://search.naver.com/search.naver?where=blog&query=%EC%99%95%EC%86%90%EA%B3%B1%EC%B0%BD+%EB%8C%80%EB%8D%95%EA%B5%AC","블로그 보기") -> 블로그 보기 | M48: 46222 | N48: 70 | O48: 99 | P48: 439 | Q48: 1 | R48: 1 | S48: 대덕구 국밥 | T48: 36.367286 | U48: 127.41209
A49: pending | B49: 대덕구 | C49: 이종구항아리짬뽕 오정점 | D49: 중식>중식당 | E49: 54 | F49: 최근 12개월 블로그 35건 | G49: 대전광역시 대덕구 오정동 67-25 | H49: 대전광역시 대덕구 한밭대로1006번길 11 | I49: =HYPERLINK("https://search.naver.com/search.naver?where=blog&query=%EC%9D%B4%EC%A2%85%EA%B5%AC%ED%95%AD%EC%95%84%EB%A6%AC%EC%A7%AC%EB%BD%95+%EC%98%A4%EC%A0%95%EC%A0%90+%EB%8C%80%EB%8D%95%EA%B5%AC","블로그 보기") -> 블로그 보기 | J49: =HYPERLINK("http://www.instagram.com/jjambbong777","업체 보기") -> 업체 보기 | M49: 46210 | N49: 35 | O49: 99 | P49: 226 | Q49: 1 | R49: 1 | S49: 대덕구 중식 | T49: 36.357646 | U49: 127.41073
A50: rejected | B50: 대덕구 | C50: 중부회수산 | D50: 쇼핑,유통>수산물 | E50: 54 | F50: 최근 12개월 블로그 100건 | G50: 대전광역시 대덕구 중리동 126-1 | H50: 대전광역시 대덕구 계족로 544 | I50: =HYPERLINK("https://search.naver.com/search.naver?where=blog&query=%EC%A4%91%EB%B6%80%ED%9A%8C%EC%88%98%EC%82%B0+%EB%8C%80%EB%8D%95%EA%B5%AC","블로그 보기") -> 블로그 보기 | M50: 46222 | N50: 100 | O50: 96 | P50: 454 | Q50: 1 | R50: 1 | S50: 대덕구 해산물 | T50: 36.36022 | U50: 127.43228
A51: pending | B51: 대덕구 | C51: 청기와냉면 본점 | D51: 한식>냉면 | E51: 54 | F51: 지역성: 본점; 최근 12개월 블로그 25건 | G51: 대전광역시 대덕구 상서동 279 . 1층 | H51: 대전광역시 대덕구 신탄진로567번길 2 . 1층 | I51: =HYPERLINK("https://search.naver.com/search.naver?where=blog&query=%EC%B2%AD%EA%B8%B0%EC%99%80%EB%83%89%EB%A9%B4+%EB%B3%B8%EC%A0%90+%EB%8C%80%EB%8D%95%EA%B5%AC","블로그 보기") -> 블로그 보기 | M51: 46213 | N51: 25 | O51: 42 | P51: 90 | Q51: 1 | R51: 0 | S51: 신탄진 냉면 | T51: 36.42991 | U51: 127.42143
A52: pending | B52: 대덕구 | C52: 해물가 | D52: 한식>해물,생선요리 | E52: 54 | F52: 최근 12개월 블로그 44건 | G52: 대전광역시 대덕구 목상동 150-9 1층 | H52: 대전광역시 대덕구 대덕대로1458번길 35 1층 | I52: =HYPERLINK("https://search.naver.com/search.naver?where=blog&query=%ED%95%B4%EB%AC%BC%EA%B0%80+%EB%8C%80%EB%8D%95%EA%B5%AC","블로그 보기") -> 블로그 보기 | M52: 46219 | N52: 44 | O52: 95 | P52: 110 | Q52: 2 | R52: 0 | S52: 대덕구 해산물 | 신탄진 해산물 | T52: 36.44787 | U52: 127.41205
A53: pending | B53: 대덕구 | C53: 다해활어시장식당 | D53: 한식>생선회 | E53: 53 | F53: 최근 12개월 블로그 100건 | G53: 대전광역시 대덕구 석봉동 322-1 | H53: 대전광역시 대덕구 덕암북로 85 (석봉동) | I53: =HYPERLINK("https://search.naver.com/search.naver?where=blog&query=%EB%8B%A4%ED%95%B4%ED%99%9C%EC%96%B4%EC%8B%9C%EC%9E%A5%EC%8B%9D%EB%8B%B9+%EC%84%9D%EB%B4%89%EB%8F%99","블로그 보기") -> 블로그 보기 | M53: 46220 | N53: 100 | O53: 86 | P53: 1111 | Q53: 1 | R53: 0 | S53: 신탄진 해산물 | T53: 36.444011 | U53: 127.42677
A54: pending | B54: 대덕구 | C54: 불티나만두찐빵 | D54: 분식>종합분식 | E54: 53 | F54: 최근 12개월 블로그 12건 | G54: 대전광역시 대덕구 중리동 372-2 | H54: 대전광역시 대덕구 중리로76번길 18 | I54: =HYPERLINK("https://search.naver.com/search.naver?where=blog&query=%EB%B6%88%ED%8B%B0%EB%82%98%EB%A7%8C%EB%91%90%EC%B0%90%EB%B9%B5+%EB%8C%80%EB%8D%95%EA%B5%AC","블로그 보기") -> 블로그 보기 | M54: 46211 | N54: 12 | O54: 94 | P54: 121 | Q54: 1 | R54: 1 | S54: 대덕구 분식 | T54: 36.365741 | U54: 127.42621
A55: pending | B55: 대덕구 | C55: 은혜식당 | D55: 음식점>한식 | E55: 53 | F55: 최근 12개월 블로그 12건 | G55: 대전광역시 대덕구 중리동 204-7 1층 은혜식당 | H55: 대전광역시 대덕구 한밭대로1159번길 11 1층 은혜식당 | I55: =HYPERLINK("https://search.naver.com/search.naver?where=blog&query=%EC%9D%80%ED%98%9C%EC%8B%9D%EB%8B%B9+%EB%8C%80%EB%8D%95%EA%B5%AC","블로그 보기") -> 블로그 보기 | J55: =HYPERLINK("https://www.instagram.com/daejeon_eunhye?igsh=MTQwaDV1bDVybjY5YQ%3D%3D&utm_source=qr","업체 보기") -> 업체 보기 | M55: 46192 | N55: 12 | O55: 96 | P55: 191 | Q55: 1 | R55: 1 | S55: 대덕구 두부두루치기 | T55: 36.359622 | U55: 127.42723
A56: pending | B56: 대덕구 | C56: 장수촌 송촌점 | D56: 한식>백숙,삼계탕 | E56: 53 | F56: 최근 12개월 블로그 28건 | G56: 대전광역시 대덕구 송촌동 499-8 | H56: 대전광역시 대덕구 동춘당로44번길 19 | I56: =HYPERLINK("https://search.naver.com/search.naver?where=blog&query=%EC%9E%A5%EC%88%98%EC%B4%8C+%EC%86%A1%EC%B4%8C%EC%A0%90+%EB%8C%80%EB%8D%95%EA%B5%AC","블로그 보기") -> 블로그 보기 | M56: 46222 | N56: 28 | O56: 95 | P56: 171 | Q56: 1 | R56: 1 | S56: 대덕구 삼계탕 | T56: 36.363252 | U56: 127.44496
A57: pending | B57: 대덕구 | C57: 준짬뽕 | D57: 중식>중식당 | E57: 53 | F57: 최근 12개월 블로그 25건 | G57: 대전광역시 대덕구 덕암동 70-3 1층 | H57: 대전광역시 대덕구 덕암로125번안길 60 1층 | I57: =HYPERLINK("https://search.naver.com/search.naver?where=blog&query=%EC%A4%80%EC%A7%AC%EB%BD%95+%EB%8C%80%EB%8D%95%EA%B5%AC","블로그 보기") -> 블로그 보기 | J57: =HYPERLINK("https://cafe.naver.com/","업체 보기") -> 업체 보기 | M57: 46221 | N57: 25 | O57: 61 | P57: 63 | Q57: 2 | R57: 0 | S57: 대덕구 중식 | 신탄진 중식 | T57: 36.434921 | U57: 127.42115
A58: pending | B58: 대덕구 | C58: 킴스돈까스 | D58: 음식점>일식>돈가스 | E58: 53 | F58: 최근 12개월 블로그 33건 | G58: 대전광역시 대덕구 오정동 172-5 | H58: 대전광역시 대덕구 한남로 61 | I58: =HYPERLINK("https://search.naver.com/search.naver?where=blog&query=%ED%82%B4%EC%8A%A4%EB%8F%88%EA%B9%8C%EC%8A%A4+%EB%8C%80%EB%8D%95%EA%B5%AC","블로그 보기") -> 블로그 보기 | M58: 46216 | N58: 33 | O58: 94 | P58: 189 | Q58: 1 | R58: 1 | S58: 대덕구 일식 | T58: 36.35136 | U58: 127.42147
A59: pending | B59: 대덕구 | C59: 혜성옥 | D59: 한식>곰탕,설렁탕 | E59: 53 | F59: 최근 12개월 블로그 42건 | G59: 대전광역시 대덕구 중리동 410-3 | H59: 대전광역시 대덕구 한밭대로 1147 | I59: =HYPERLINK("https://search.naver.com/search.naver?where=blog&query=%ED%98%9C%EC%84%B1%EC%98%A5+%EB%8C%80%EB%8D%95%EA%B5%AC","블로그 보기") -> 블로그 보기 | M59: 46216 | N59: 42 | O59: 93 | P59: 190 | Q59: 1 | R59: 1 | S59: 대덕구 냉면 | T59: 36.359315 | U59: 127.42589
A60: pending | B60: 대덕구 | C60: 대왕산삼백숙농원 대청댐점 삼계탕 갈비탕 오리 닭 백숙 | D60: 음식점>한식 | E60: 52 | F60: 최근 12개월 블로그 100건 | G60: 대전광역시 대덕구 미호동 268-3 | H60: 대전광역시 대덕구 대청로 516 | I60: HYPERLINK is not implemented. linkLocation=https://search.naver.com/search.naver?where=blog&query=%EB%8C%80%EC%99%95%EC%82%B0%EC%82%BC%EB%B0%B1%EC%88%99%EB%86%8D%EC%9B%90+%EB%8C%80%EC%B2%AD%EB%8C%90%EC%A0%90+%EC%82%BC%EA%B3%84%ED%83%95+%EA%B0%88%EB%B9%84%ED%83%95+%EC%98%A4%EB%A6%AC+%EB%8B%AD+%EB%B0%B1%EC%88%99+%EB%8C%80%EB%8D%95%EA%B5%AC, friendlyName=블로그 보기 | M60: 46220 | N60: 100 | O60: 87 | P60: 500 | Q60: 1 | R60: 0 | S60: 대덕구 삼계탕 | T60: 36.465989 | U60: 127.46867
A61: rejected | B61: 대덕구 | C61: 땅스부대찌개 비래점 | D61: 한식>찌개,전골 | E61: 52 | F61: 최근 12개월 블로그 10건 | G61: 대전광역시 대덕구 비래동 139-1 | H61: 대전광역시 대덕구 비래동로 20 | I61: =HYPERLINK("https://search.naver.com/search.naver?where=blog&query=%EB%95%85%EC%8A%A4%EB%B6%80%EB%8C%80%EC%B0%8C%EA%B0%9C+%EB%B9%84%EB%9E%98%EC%A0%90+%EB%B9%84%EB%9E%98%EB%8F%99","블로그 보기") -> 블로그 보기 | J61: =HYPERLINK("https://www.youtube.com/@tsbudae_official","업체 보기") -> 업체 보기 | M61: 46136 | N61: 10 | O61: 29 | P61: 47 | Q61: 1 | R61: 1 | S61: 비래동 한식 | T61: 36.355811 | U61: 127.45027
A62: pending | B62: 대덕구 | C62: 샤브쌈주머니 오정점 | D62: 음식점>일식>샤브샤브 | E62: 52 | F62: 최근 12개월 블로그 23건 | G62: 대전광역시 대덕구 오정동 65-8 2층 샤브쌈주머니 오정점 | H62: 대전광역시 대덕구 한밭대로 1048 2층 샤브쌈주머니 오정점 | I62: =HYPERLINK("https://search.naver.com/search.naver?where=blog&query=%EC%83%A4%EB%B8%8C%EC%8C%88%EC%A3%BC%EB%A8%B8%EB%8B%88+%EC%98%A4%EC%A0%95%EC%A0%90+%EB%8C%80%EB%8D%95%EA%B5%AC","블로그 보기") -> 블로그 보기 | M62: 46204 | N62: 23 | O62: 87 | P62: 96 | Q62: 1 | R62: 1 | S62: 대덕구 일식 | T62: 36.358235 | U62: 127.41492
A63: pending | B63: 대덕구 | C63: 순대폭식소 | D63: 한식>순대,순댓국 | E63: 52 | F63: 최근 12개월 블로그 25건 | G63: 대전광역시 대덕구 덕암동 65-8 1층 | H63: 대전광역시 대덕구 덕암로125번안길 94 1층 | I63: =HYPERLINK("https://search.naver.com/search.naver?where=blog&query=%EC%88%9C%EB%8C%80%ED%8F%AD%EC%8B%9D%EC%86%8C+%EB%8C%80%EB%8D%95%EA%B5%AC","블로그 보기") -> 블로그 보기 | M63: 46220 | N63: 25 | O63: 24 | P63: 25 | Q63: 2 | R63: 0 | S63: 신탄진 맛집 | 신탄진 한식 | T63: 36.436288 | U63: 127.42164
A64: pending | B64: 대덕구 | C64: 스시류 | D64: 음식점>일식>초밥,롤 | E64: 52 | F64: 최근 12개월 블로그 20건 | G64: 대전광역시 대덕구 송촌동 467-11 | H64: 대전광역시 대덕구 송촌북로12번길 11 | I64: =HYPERLINK("https://search.naver.com/search.naver?where=blog&query=%EC%8A%A4%EC%8B%9C%EB%A5%98+%EB%8C%80%EB%8D%95%EA%B5%AC","블로그 보기") -> 블로그 보기 | M64: 46213 | N64: 20 | O64: 78 | P64: 83 | Q64: 1 | R64: 1 | S64: 대덕구 일식 | T64: 36.363688 | U64: 127.43742
A65: pending | B65: 대덕구 | C65: 쯔보 | D65: 음식점>아시아음식 | E65: 52 | F65: 최근 12개월 블로그 25건 | G65: 대전광역시 대덕구 오정동 175-22 1층 | H65: 대전광역시 대덕구 한남로12번길 47 1층 | I65: =HYPERLINK("https://search.naver.com/search.naver?where=blog&query=%EC%AF%94%EB%B3%B4+%EB%8C%80%EB%8D%95%EA%B5%AC","블로그 보기") -> 블로그 보기 | M65: 46212 | N65: 25 | O65: 46 | P65: 48 | Q65: 1 | R65: 1 | S65: 대덕구 중식 | T65: 36.3524 | U65: 127.42465
A66: pending | B66: 대덕구 | C66: 김밥신화 | D66: 분식>김밥 | E66: 51 | F66: 최근 12개월 블로그 100건 | G66: 대전광역시 대덕구 중리동 384-5 | H66: 대전광역시 대덕구 중리로 51 | I66: =HYPERLINK("https://search.naver.com/search.naver?where=blog&query=%EA%B9%80%EB%B0%A5%EC%8B%A0%ED%99%94+%EB%8C%80%EB%8D%95%EA%B5%AC","블로그 보기") -> 블로그 보기 | M66: 46220 | N66: 100 | O66: 100 | P66: 347 | Q66: 1 | R66: 0 | S66: 대덕구 분식 | T66: 36.363657 | U66: 127.42502
A67: pending | B67: 대덕구 | C67: 양지면옥 | D67: 한식>냉면 | E67: 51 | F67: 최근 12개월 블로그 100건 | G67: 대전광역시 대덕구 중리동 200-1 1층 | H67: 대전광역시 대덕구 중리동로17번길 39-1 1층 | I67: =HYPERLINK("https://search.naver.com/search.naver?where=blog&query=%EC%96%91%EC%A7%80%EB%A9%B4%EC%98%A5+%EC%A4%91%EB%A6%AC%EB%8F%99","블로그 보기") -> 블로그 보기 | M67: 46220 | N67: 100 | O67: 99 | P67: 277 | Q67: 1 | R67: 0 | S67: 대덕구 냉면 | T67: 36.360389 | U67: 127.42774
A68: pending | B68: 대덕구 | C68: 왕짬뽕순두부 | D68: 중식>중식당 | E68: 51 | F68: 최근 12개월 블로그 57건 | G68: 대전광역시 대덕구 비래동 125-12 1층 왕짬뽕순두부 | H68: 대전광역시 대덕구 비래서로 25 1층 왕짬뽕순두부 | I68: =HYPERLINK("https://search.naver.com/search.naver?where=blog&query=%EC%99%95%EC%A7%AC%EB%BD%95%EC%88%9C%EB%91%90%EB%B6%80+%EB%8C%80%EB%8D%95%EA%B5%AC","블로그 보기") -> 블로그 보기 | M68: 46213 | N68: 57 | O68: 99 | P68: 277 | Q68: 1 | R68: 0 | S68: 비래동 맛집 | T68: 36.354792 | U68: 127.44765
A69: pending | B69: 대덕구 | C69: 우리손칼국수 | D69: 한식>칼국수,만두 | E69: 51 | F69: 지역성: 칼국수; 최근 12개월 블로그 5건 | G69: 대전광역시 대덕구 송촌동 506-2 | H69: 대전광역시 대덕구 선비마을로 9 | I69: =HYPERLINK("https://search.naver.com/search.naver?where=blog&query=%EC%9A%B0%EB%A6%AC%EC%86%90%EC%B9%BC%EA%B5%AD%EC%88%98+%EB%8C%80%EB%8D%95%EA%B5%AC","블로그 보기") -> 블로그 보기 | M69: 46190 | N69: 5 | O69: 28 | P69: 29 | Q69: 1 | R69: 1 | S69: 대덕구 두부두루치기 | T69: 36.362283 | U69: 127.44613
A70: pending | B70: 대덕구 | C70: 태안반도 포항물회 | D70: 음식점>일식>일식당 | E70: 51 | F70: 최근 12개월 블로그 78건 | G70: 대전광역시 대덕구 중리동 198-9 | H70: 대전광역시 대덕구 중리동로3번길 22 | I70: =HYPERLINK("https://search.naver.com/search.naver?where=blog&query=%ED%83%9C%EC%95%88%EB%B0%98%EB%8F%84+%ED%8F%AC%ED%95%AD%EB%AC%BC%ED%9A%8C+%EC%A4%91%EB%A6%AC%EB%8F%99","블로그 보기") -> 블로그 보기 | M70: 46222 | N70: 78 | O70: 96 | P70: 342 | Q70: 1 | R70: 0 | S70: 대덕구 일식 | T70: 36.359544 | U70: 127.42864
A71: pending | B71: 대덕구 | C71: 팔도한마당순대 | D71: 한식>순대,순댓국 | E71: 51 | F71: 최근 12개월 블로그 81건 | G71: 대전광역시 대덕구 목상동 863-2 팔도한마당순대 | H71: 대전광역시 대덕구 대덕대로1448번길 73 팔도한마당순대 | I71: =HYPERLINK("https://search.naver.com/search.naver?where=blog&query=%ED%8C%94%EB%8F%84%ED%95%9C%EB%A7%88%EB%8B%B9%EC%88%9C%EB%8C%80+%EB%8C%80%EB%8D%95%EA%B5%AC","블로그 보기") -> 블로그 보기 | M71: 46217 | N71: 81 | O71: 81 | P71: 291 | Q71: 1 | R71: 0 | S71: 신탄진 국밥 | T71: 36.444664 | U71: 127.41053
A72: pending | B72: 대덕구 | C72: 금강옥천올갱이 | D72: 음식점>한식 | E72: 50 | F72: 최근 12개월 블로그 48건 | G72: 대전광역시 대덕구 송촌동 565-5 | H72: 대전광역시 대덕구 동춘당로15번길 90 | I72: =HYPERLINK("https://search.naver.com/search.naver?where=blog&query=%EA%B8%88%EA%B0%95%EC%98%A5%EC%B2%9C%EC%98%AC%EA%B0%B1%EC%9D%B4+%EB%8C%80%EB%8D%95%EA%B5%AC","블로그 보기") -> 블로그 보기 | M72: 46215 | N72: 48 | O72: 91 | P72: 173 | Q72: 1 | R72: 0 | S72: 대덕구 국밥 | T72: 36.357094 | U72: 127.4447
A73: pending | B73: 대덕구 | C73: 미강손짜장 | D73: 중식>중식당 | E73: 50 | F73: 최근 12개월 블로그 13건 | G73: 대전광역시 대덕구 덕암동 62-29 | H73: 대전광역시 대덕구 덕암로181번길 19 | I73: =HYPERLINK("https://search.naver.com/search.naver?where=blog&query=%EB%AF%B8%EA%B0%95%EC%86%90%EC%A7%9C%EC%9E%A5+%EB%8C%80%EB%8D%95%EA%B5%AC","블로그 보기") -> 블로그 보기 | J73: =HYPERLINK("https://www.instagram.com/p/CIuQqKNlYFt/?igshid=1tufzivnygrls","업체 보기") -> 업체 보기 | M73: 46156 | N73: 13 | O73: 88 | P73: 136 | Q73: 1 | R73: 0 | S73: 신탄진 중식 | T73: 36.436698 | U73: 127.42155
A74: pending | B74: 대덕구 | C74: 부뜰생고기 | D74: 음식점>한식 | E74: 50 | F74: 최근 12개월 블로그 66건 | G74: 대전광역시 대덕구 비래동 129-7 1층 | H74: 대전광역시 대덕구 비래동로31번길 6 1층 (비래동) | I74: =HYPERLINK("https://search.naver.com/search.naver?where=blog&query=%EB%B6%80%EB%9C%B0%EC%83%9D%EA%B3%A0%EA%B8%B0+%EB%B9%84%EB%9E%98%EB%8F%99","블로그 보기") -> 블로그 보기 | M74: 46220 | N74: 66 | O74: 95 | P74: 167 | Q74: 1 | R74: 0 | S74: 비래동 한식 | T74: 36.35684 | U74: 127.45046
A75: pending | B75: 대덕구 | C75: 수통골염소명가 중리직영점 | D75: 음식점>한식 | E75: 50 | F75: 최근 12개월 블로그 100건 | G75: 대전광역시 대덕구 중리동 368-23 수통골염소명가 중리직영점 | H75: 대전광역시 대덕구 중리로64번길 3 수통골염소명가 중리직영점 | I75: =HYPERLINK("https://search.naver.com/search.naver?where=blog&query=%EC%88%98%ED%86%B5%EA%B3%A8%EC%97%BC%EC%86%8C%EB%AA%85%EA%B0%80+%EC%A4%91%EB%A6%AC%EC%A7%81%EC%98%81%EC%A0%90+%EB%8C%80%EB%8D%95%EA%B5%AC","블로그 보기") -> 블로그 보기 | M75: 46220 | N75: 100 | O75: 91 | P75: 177 | Q75: 1 | R75: 0 | S75: 대덕구 삼계탕 | T75: 36.364926 | U75: 127.42546
A76: pending | B76: 대덕구 | C76: 청원삼계탕 | D76: 음식점>한식 | E76: 50 | F76: 최근 12개월 블로그 35건 | G76: 대전광역시 대덕구 중리동 389-1 1층 | H76: 대전광역시 대덕구 중리로44번길 16 1층 | I76: =HYPERLINK("https://search.naver.com/search.naver?where=blog&query=%EC%B2%AD%EC%9B%90%EC%82%BC%EA%B3%84%ED%83%95+%EB%8C%80%EB%8D%95%EA%B5%AC","블로그 보기") -> 블로그 보기 | M76: 46161 | N76: 35 | O76: 35 | P76: 118 | Q76: 1 | R76: 0 | S76: 대덕구 삼계탕 | T76: 36.362847 | U76: 127.42613
A77: pending | B77: 대덕구 | C77: 청춘테라스 | D77: 술집>요리주점 | E77: 50 | F77: 최근 12개월 블로그 20건 | G77: 대전광역시 대덕구 비래동 125-43 1층 | H77: 대전광역시 대덕구 비래서로 27 1층 | I77: =HYPERLINK("https://search.naver.com/search.naver?where=blog&query=%EC%B2%AD%EC%B6%98%ED%85%8C%EB%9D%BC%EC%8A%A4+%EB%8C%80%EB%8D%95%EA%B5%AC","블로그 보기") -> 블로그 보기 | J77: =HYPERLINK("http://instagram.com/cctrc2019","업체 보기") -> 업체 보기 | M77: 46171 | N77: 20 | O77: 64 | P77: 161 | Q77: 1 | R77: 0 | S77: 대덕구 두부두루치기 | T77: 36.354783 | U77: 127.44781
A78: pending | B78: 대덕구 | C78: 필짬뽕 | D78: 중식>중식당 | E78: 50 | F78: 최근 12개월 블로그 26건 | G78: 대전광역시 대덕구 오정동 488-18 필짬뽕 | H78: 대전광역시 대덕구 한남로137번길 43 필짬뽕 | I78: =HYPERLINK("https://search.naver.com/search.naver?where=blog&query=%ED%95%84%EC%A7%AC%EB%BD%95+%EB%8C%80%EB%8D%95%EA%B5%AC","블로그 보기") -> 블로그 보기 | M78: 46220 | N78: 26 | O78: 98 | P78: 172 | Q78: 1 | R78: 0 | S78: 대덕구 중식 | T78: 36.346407 | U78: 127.41703
A79: pending | B79: 대덕구 | C79: 한성손짜장 | D79: 중식>중식당 | E79: 50 | F79: 최근 12개월 블로그 85건 | G79: 대전광역시 대덕구 상서동 833-10 | H79: 대전광역시 대덕구 덕암로148번안길 24 | I79: =HYPERLINK("https://search.naver.com/search.naver?where=blog&query=%ED%95%9C%EC%84%B1%EC%86%90%EC%A7%9C%EC%9E%A5+%EB%8C%80%EB%8D%95%EA%B5%AC","블로그 보기") -> 블로그 보기 | M79: 46220 | N79: 85 | O79: 52 | P79: 148 | Q79: 1 | R79: 0 | S79: 신탄진 중식 | T79: 36.433696 | U79: 127.42357
A80: pending | B80: 대덕구 | C80: 황해면옥 | D80: 한식>냉면 | E80: 50 | F80: 최근 12개월 블로그 76건 | G80: 대전광역시 대덕구 오정동 490-1 | H80: 대전광역시 대덕구 한남로149번길 1 | I80: =HYPERLINK("https://search.naver.com/search.naver?where=blog&query=%ED%99%A9%ED%95%B4%EB%A9%B4%EC%98%A5+%EB%8C%80%EB%8D%95%EA%B5%AC","블로그 보기") -> 블로그 보기 | M80: 46220 | N80: 76 | O80: 88 | P80: 180 | Q80: 1 | R80: 0 | S80: 대덕구 냉면 | T80: 36.34704 | U80: 127.41438
A81: pending | B81: 대덕구 | C81: 회포 | D81: 한식>생선회 | E81: 50 | F81: 최근 12개월 블로그 46건 | G81: 대전광역시 대덕구 송촌동 453-7 1층 | H81: 대전광역시 대덕구 송촌북로20번길 21-5 1층 | I81: =HYPERLINK("https://search.naver.com/search.naver?where=blog&query=%ED%9A%8C%ED%8F%AC+%EB%8C%80%EB%8D%95%EA%B5%AC","블로그 보기") -> 블로그 보기 | M81: 46213 | N81: 46 | O81: 89 | P81: 178 | Q81: 1 | R81: 0 | S81: 대덕구 해산물 | T81: 36.364629 | U81: 127.43757
A82: pending | B82: 대덕구 | C82: 가마솥해장국 | D82: 한식>해장국 | E82: 49 | F82: 최근 12개월 블로그 21건 | G82: 대전광역시 대덕구 신일동 37-1 | H82: 대전광역시 대덕구 산업단지로87번길 13 | I82: =HYPERLINK("https://search.naver.com/search.naver?where=blog&query=%EA%B0%80%EB%A7%88%EC%86%A5%ED%95%B4%EC%9E%A5%EA%B5%AD+%EB%8C%80%EB%8D%95%EA%B5%AC","블로그 보기") -> 블로그 보기 | M82: 46193 | N82: 21 | O82: 83 | P82: 95 | Q82: 1 | R82: 0 | S82: 신탄진 국밥 | T82: 36.429659 | U82: 127.41169
A83: pending | B83: 대덕구 | C83: 김관식추어명장 | D83: 음식점>한식 | E83: 49 | F83: 최근 12개월 블로그 45건 | G83: 대전광역시 대덕구 상서동 349-1 | H83: 대전광역시 대덕구 신탄진로 512 | I83: =HYPERLINK("https://search.naver.com/search.naver?where=blog&query=%EA%B9%80%EA%B4%80%EC%8B%9D%EC%B6%94%EC%96%B4%EB%AA%85%EC%9E%A5+%EB%8C%80%EB%8D%95%EA%B5%AC","블로그 보기") -> 블로그 보기 | M83: 46221 | N83: 45 | O83: 40 | P83: 58 | Q83: 1 | R83: 0 | S83: 신탄진 한식 | T83: 36.42475 | U83: 127.42028
A84: pending | B84: 대덕구 | C84: 대청하녹 신탄진점 | D84: 한식>육류,고기요리 | E84: 49 | F84: 최근 12개월 블로그 43건 | G84: 대전광역시 대덕구 신탄진동 121-23 1층 | H84: 대전광역시 대덕구 신탄진동로7번길 78 1층 | I84: =HYPERLINK("https://search.naver.com/search.naver?where=blog&query=%EB%8C%80%EC%B2%AD%ED%95%98%EB%85%B9+%EC%8B%A0%ED%83%84%EC%A7%84%EC%A0%90+%EC%8B%A0%ED%83%84%EC%A7%84%EB%8F%99","블로그 보기") -> 블로그 보기 | M84: 46049 | N84: 43 | O84: 94 | P84: 95 | Q84: 1 | R84: 0 | S84: 신탄진 고기 | T84: 36.451011 | U84: 127.42953
A85: pending | B85: 대덕구 | C85: 미가한우소머리국밥 | D85: 음식점>한식 | E85: 49 | F85: 최근 12개월 블로그 59건 | G85: 대전광역시 대덕구 목상동 863-5 1층 | H85: 대전광역시 대덕구 대덕대로1448번길 81 1층 | I85: =HYPERLINK("https://search.naver.com/search.naver?where=blog&query=%EB%AF%B8%EA%B0%80%ED%95%9C%EC%9A%B0%EC%86%8C%EB%A8%B8%EB%A6%AC%EA%B5%AD%EB%B0%A5+%EB%8C%80%EB%8D%95%EA%B5%AC","블로그 보기") -> 블로그 보기 | J85: =HYPERLINK("http://0427109190.tshome.co.kr/","업체 보기") -> 업체 보기 | M85: 46195 | N85: 59 | O85: 66 | P85: 71 | Q85: 1 | R85: 0 | S85: 신탄진 국밥 | T85: 36.444302 | U85: 127.41061
A86: pending | B86: 대덕구 | C86: 샤브쌈주머니 송촌점 | D86: 음식점>일식>샤브샤브 | E86: 49 | F86: 최근 12개월 블로그 48건 | G86: 대전광역시 대덕구 송촌동 475-5 1,2동 1층 | H86: 대전광역시 대덕구 계족산로81번길 9 1,2동 1층 | I86: =HYPERLINK("https://search.naver.com/search.naver?where=blog&query=%EC%83%A4%EB%B8%8C%EC%8C%88%EC%A3%BC%EB%A8%B8%EB%8B%88+%EC%86%A1%EC%B4%8C%EC%A0%90+%EB%8C%80%EB%8D%95%EA%B5%AC","블로그 보기") -> 블로그 보기 | M86: 46222 | N86: 48 | O86: 51 | P86: 51 | Q86: 1 | R86: 0 | S86: 대덕구 일식 | T86: 36.363408 | U86: 127.44
A87: pending | B87: 대덕구 | C87: 윤이네집밥 | D87: 음식점>한식 | E87: 49 | F87: 최근 12개월 블로그 4건 | G87: 대전광역시 대덕구 중리동 99-1 | H87: 대전광역시 대덕구 계족산로5번길 54 | I87: =HYPERLINK("https://search.naver.com/search.naver?where=blog&query=%EC%9C%A4%EC%9D%B4%EB%84%A4%EC%A7%91%EB%B0%A5+%EB%8C%80%EB%8D%95%EA%B5%AC","블로그 보기") -> 블로그 보기 | M87: 46210 | N87: 4 | O87: 33 | P87: 51 | Q87: 2 | R87: 1 | S87: 대덕구 두부두루치기 | T87: 36.364416 | U87: 127.43145
A88: pending | B88: 대덕구 | C88: 하르방대패삼겹 | D88: 한식>육류,고기요리 | E88: 49 | F88: 최근 12개월 블로그 20건 | G88: 대전광역시 대덕구 석봉동 182-19 1층 | H88: 대전광역시 대덕구 석봉로38번길 40 1층 | I88: =HYPERLINK("https://search.naver.com/search.naver?where=blog&query=%ED%95%98%EB%A5%B4%EB%B0%A9%EB%8C%80%ED%8C%A8%EC%82%BC%EA%B2%B9+%EB%8C%80%EB%8D%95%EA%B5%AC","블로그 보기") -> 블로그 보기 | M88: 46218 | N88: 20 | O88: 67 | P88: 76 | Q88: 1 | R88: 0 | S88: 신탄진 고기 | T88: 36.44559 | U88: 127.42576
A89: pending | B89: 대덕구 | C89: 한양고깃집 신탄진점 | D89: 음식점>한식 | E89: 49 | F89: 최근 12개월 블로그 46건 | G89: 대전광역시 대덕구 석봉동 573-2 1층 | H89: 대전광역시 대덕구 대덕대로1585번길 16 1층 | I89: =HYPERLINK("https://search.naver.com/search.naver?where=blog&query=%ED%95%9C%EC%96%91%EA%B3%A0%EA%B9%83%EC%A7%91+%EC%8B%A0%ED%83%84%EC%A7%84%EC%A0%90+%EB%8C%80%EB%8D%95%EA%B5%AC","블로그 보기") -> 블로그 보기 | J89: =HYPERLINK("https://www.instagram.com/hanyang_sintan","업체 보기") -> 업체 보기 | M89: 46220 | N89: 46 | O89: 22 | P89: 74 | Q89: 1 | R89: 0 | S89: 신탄진 냉면 | T89: 36.451866 | U89: 127.42416
A90: pending | B90: 대덕구 | C90: 형제수산 | D90: 한식>생선회 | E90: 49 | F90: 최근 12개월 블로그 10건 | G90: 대전광역시 대덕구 중리동 372-4 1층 | H90: 대전광역시 대덕구 중리로76번길 24 1층 | I90: =HYPERLINK("https://search.naver.com/search.naver?where=blog&query=%ED%98%95%EC%A0%9C%EC%88%98%EC%82%B0+%EB%8C%80%EB%8D%95%EA%B5%AC","블로그 보기") -> 블로그 보기 | M90: 46191 | N90: 10 | O90: 75 | P90: 78 | Q90: 1 | R90: 0 | S90: 대덕구 해산물 | T90: 36.365736 | U90: 127.42654
A91: pending | B91: 대덕구 | C91: 호돈 | D91: 한식>육류,고기요리 | E91: 49 | F91: 최근 12개월 블로그 38건 | G91: 대전광역시 대덕구 신탄진동 126-21 1층 | H91: 대전광역시 대덕구 대청로 54 1층 | I91: =HYPERLINK("https://search.naver.com/search.naver?where=blog&query=%ED%98%B8%EB%8F%88+%EB%8C%80%EB%8D%95%EA%B5%AC","블로그 보기") -> 블로그 보기 | M91: 46223 | N91: 38 | O91: 61 | P91: 65 | Q91: 1 | R91: 0 | S91: 신탄진 고기 | T91: 36.45256 | U91: 127.43409
A92: pending | B92: 대덕구 | C92: 라멘유니버스 | D92: 음식점>일식>일본식라면 | E92: 48 | F92: 최근 12개월 블로그 18건 | G92: 대전광역시 대덕구 오정동 175-36 1층 | H92: 대전광역시 대덕구 한남로38번길 3-1 1층 | I92: =HYPERLINK("https://search.naver.com/search.naver?where=blog&query=%EB%9D%BC%EB%A9%98%EC%9C%A0%EB%8B%88%EB%B2%84%EC%8A%A4+%EB%8C%80%EB%8D%95%EA%B5%AC","블로그 보기") -> 블로그 보기 | J92: =HYPERLINK("https://www.instagram.com/ramen._.universe?igshid=MmIzYWVlNDQ5Yg==","업체 보기") -> 업체 보기 | M92: 46191 | N92: 18 | O92: 37 | P92: 37 | Q92: 1 | R92: 0 | S92: 대덕구 일식 | T92: 36.351243 | U92: 127.42385
A93: pending | B93: 대덕구 | C93: 림식당 | D93: 중식>중식당 | E93: 48 | F93: 최근 12개월 블로그 8건 | G93: 대전광역시 대덕구 비래동 123-24 1층 | H93: 대전광역시 대덕구 비래서로 9 1층 | I93: =HYPERLINK("https://search.naver.com/search.naver?where=blog&query=%EB%A6%BC%EC%8B%9D%EB%8B%B9+%EB%8C%80%EB%8D%95%EA%B5%AC","블로그 보기") -> 블로그 보기 | J93: =HYPERLINK("https://www.instagram.com/lim_lim6262024/","업체 보기") -> 업체 보기 | M93: 46209 | N93: 8 | O93: 25 | P93: 27 | Q93: 1 | R93: 0 | S93: 비래동 맛집 | T93: 36.355412 | U93: 127.44599
A94: pending | B94: 대덕구 | C94: 샤브연리지 신탄진점 | D94: 음식점>일식>샤브샤브 | E94: 48 | F94: 최근 12개월 블로그 24건 | G94: 대전광역시 대덕구 신탄진동 121-33 대전북부새마을금고 본사사옥 2층 203 호 | H94: 대전광역시 대덕구 대청로 12 대전북부새마을금고 본사사옥 2층 203 호 | I94: =HYPERLINK("https://search.naver.com/search.naver?where=blog&query=%EC%83%A4%EB%B8%8C%EC%97%B0%EB%A6%AC%EC%A7%80+%EC%8B%A0%ED%83%84%EC%A7%84%EC%A0%90+%EB%8C%80%EB%8D%95%EA%B5%AC","블로그 보기") -> 블로그 보기 | M94: 46171 | N94: 24 | O94: 23 | P94: 38 | Q94: 1 | R94: 0 | S94: 신탄진 일식 | T94: 36.451282 | U94: 127.4302
A95: pending | B95: 대덕구 | C95: 준짜장오정점 | D95: 중식>중식당 | E95: 48 | F95: 최근 12개월 블로그 12건 | G95: 대전광역시 대덕구 오정동 88-25 1층 | H95: 대전광역시 대덕구 오정로78번길 23 1층 | I95: =HYPERLINK("https://search.naver.com/search.naver?where=blog&query=%EC%A4%80%EC%A7%9C%EC%9E%A5%EC%98%A4%EC%A0%95%EC%A0%90+%EB%8C%80%EB%8D%95%EA%B5%AC","블로그 보기") -> 블로그 보기 | M95: 46171 | N95: 12 | O95: 34 | P95: 34 | Q95: 1 | R95: 0 | S95: 대덕구 중식 | T95: 36.353996 | U95: 127.41053
A96: pending | B96: 대덕구 | C96: 카나우 | D96: 음식점>일식>일식당 | E96: 48 | F96: 최근 12개월 블로그 28건 | G96: 대전광역시 대덕구 송촌동 474-5 1층 | H96: 대전광역시 대덕구 송촌북로4번길 47-15 1층 | I96: =HYPERLINK("https://search.naver.com/search.naver?where=blog&query=%EC%B9%B4%EB%82%98%EC%9A%B0+%EB%8C%80%EB%8D%95%EA%B5%AC","블로그 보기") -> 블로그 보기 | J96: =HYPERLINK("https://www.instagram.com/kanau4745?igsh=eXN2N3kxb3Z6amcw&utm_source=qr","업체 보기") -> 업체 보기 | M96: 46132 | N96: 28 | O96: 29 | P96: 29 | Q96: 1 | R96: 0 | S96: 대덕구 일식 | T96: 36.363777 | U96: 127.43937
A97: pending | B97: 대덕구 | C97: 이타 | D97: 음식점>일식>덮밥 | E97: 47 | F97: 최근 12개월 블로그 8건 | G97: 대전광역시 대덕구 신탄진동 160-25 1F 이타 | H97: 대전광역시 대덕구 신탄진동로48번길 2 1F 이타 | I97: =HYPERLINK("https://search.naver.com/search.naver?where=blog&query=%EC%9D%B4%ED%83%80+%EC%8B%A0%ED%83%84%EC%A7%84%EB%8F%99","블로그 보기") -> 블로그 보기 | J97: =HYPERLINK("https://www.instagram.com/ita_dakimasss","업체 보기") -> 업체 보기 | M97: 46133 | N97: 8 | O97: 11 | P97: 15 | Q97: 1 | R97: 0 | S97: 신탄진 일식 | T97: 36.448091 | U97: 127.4345
A98: pending | B98: 대덕구 | C98: 청담향 | D98: 음식점>한식 | E98: 47 | F98: 최근 12개월 블로그 20건 | G98: 대전광역시 대덕구 송촌동 292-7 청담향 | H98: 대전광역시 대덕구 동서대로 1785 청담향 | I98: =HYPERLINK("https://search.naver.com/search.naver?where=blog&query=%EC%B2%AD%EB%8B%B4%ED%96%A5+%EB%8C%80%EB%8D%95%EA%B5%AC","블로그 보기") -> 블로그 보기 | M98: 46221 | N98: 20 | O98: 18 | P98: 20 | Q98: 1 | R98: 0 | S98: 대덕구 고기 | T98: 36.35528 | U98: 127.44377
A99: pending | B99: 대덕구 | C99: 화도식 | D99: 중식>중식당 | E99: 47 | F99: 최근 12개월 블로그 12건 | G99: 대전광역시 대덕구 오정동 274-23 1층 | H99: 대전광역시 대덕구 한밭대로1006번길 98 1층 | I99: =HYPERLINK("https://search.naver.com/search.naver?where=blog&query=%ED%99%94%EB%8F%84%EC%8B%9D+%EB%8C%80%EB%8D%95%EA%B5%AC","블로그 보기") -> 블로그 보기 | J99: =HYPERLINK("https://www.instagram.com/hwadosik_daejeon?igsh=a2M4dDZ1OW4zcTBy&utm_source=qr","업체 보기") -> 업체 보기 | M99: 46215 | N99: 12 | O99: 17 | P99: 18 | Q99: 1 | R99: 0 | S99: 대덕구 중식 | T99: 36.354758 | U99: 127.4139
A100: pending | B100: 대덕구 | C100: 맛있는고기에솜씨를더하다 송촌점 | D100: 한식>돼지고기구이 | E100: 45 | F100: 최근 12개월 블로그 6건 | G100: 대전광역시 대덕구 송촌동 475-3 1층 | H100: 대전광역시 대덕구 계족산로81번길 17 1층 | I100: =HYPERLINK("https://search.naver.com/search.naver?where=blog&query=%EB%A7%9B%EC%9E%88%EB%8A%94%EA%B3%A0%EA%B8%B0%EC%97%90%EC%86%9C%EC%94%A8%EB%A5%BC%EB%8D%94%ED%95%98%EB%8B%A4+%EC%86%A1%EC%B4%8C%EC%A0%90+%EB%8C%80%EB%8D%95%EA%B5%AC","블로그 보기") -> 블로그 보기 | J100: =HYPERLINK("https://www.instagram.com/thehada_songchon","업체 보기") -> 업체 보기 | M100: 46194 | N100: 6 | O100: 21 | P100: 28 | Q100: 1 | R100: 0 | S100: 대덕구 고기 | T100: 36.363919 | U100: 127.43985
...

Sheet 검토 가이드
A1: 식당 후보 검토 가이드
A4: 후보 검토 시트에서 필터를 사용하고, 블로그 보기 링크로 최근 운영 상태와 여행 추천 가치를 확인하세요.
A6: 상태 | B6: 의미 | C6: 사용 기준
A7: pending | B7: 미검토 | C7: 아직 사람이 확인하지 않은 후보
A8: approved | B8: 승인 | C8: 최종 추천 목록에 포함할 후보
A9: hold | B9: 보류 | C9: 영업 여부나 중복 여부를 추가 확인할 후보
A10: rejected | B10: 제외 | C10: 최종 추천 목록에서 제외할 후보
A13: 대표 제외 사유 | B13: 판정 예시 | D13: 수작업 확인 항목
A14: 기존 목록 중복 | B14: 기존 추천 식당과 같은 업소 | D14: 영업시간 · 브레이크타임 · 휴무일
A15: 폐업·휴업 | B15: 최근 영업 사실을 확인할 수 없음 | D15: 대표 메뉴 · 가격대
A16: 배달 위주 | B16: 여행 중 방문보다 배달·포장 중심 | D16: 주차 · 예약 · 웨이팅
A17: 일반 프랜차이즈 | B17: 지역 고유성이 낮고 어디서나 방문 가능 | D17: 혼밥 · 가족 · 단체 방문 적합성
A18: 비식당 | B18: 먹자거리·명소·마트 등 개별 음식점이 아님 | D18: 최근 1년 실제 방문 리뷰
A19: 추천 가치 낮음 | B19: 대표 메뉴나 방문 이유가 불명확 | D19: 공식 채널 또는 지도 정보와 교차 확인
A20: 정보 부족 | B20: 최신 운영·메뉴 정보를 교차 확인하기 어려움 | D20: 마지막 확인 날짜 기록
A23: 주의: 추천 점수와 블로그 검색량은 승인 판정이 아니라 검토 순서를 정하기 위한 참고값입니다.
